"","West_cenreg.y","X1","X2"
"1",0.2,-1.6094379124341,1
"2",0.26,-1.34707364796661,1
"3",0.76,-0.27443684570176,1
"4",0.45,-0.798507696217772,1
"5",0.24,-1.42711635564015,1
"6",0.59,-0.527632742082372,1
"7",0.44,-0.82098055206983,1
"8",0.44,-0.82098055206983,1
"9",0.25,-1.38629436111989,1
"10",0.66,-0.415515443961666,1
"11",0.3,-1.20397280432594,1
"12",0.22,-1.51412773262978,1
"13",0.21,-1.56064774826467,1
"14",0.19,-1.66073120682165,1
"15",0.21,-1.56064774826467,1
"16",0.23,-1.46967597005894,1
"17",0.24,-1.42711635564015,1
"18",0.15,-1.89711998488588,1
"19",0.18,-1.71479842809193,1
"20",0.68,-0.385662480811985,1
"21",0.77,-0.261364764134408,1
"22",1.76,0.56531380905006,1
"23",0.72,-0.328504066972036,1
"24",0.77,-0.261364764134408,1
"25",1.1,0.0953101798043249,1
"26",1.06,0.0582689081239758,1
"27",1.03,0.0295588022415444,1
"28",0.68,-0.385662480811985,1
"29",0.54,-0.616186139423817,1
"30",1.5,0.405465108108164,1
"31",0.36,-1.02165124753198,1
"32",0.41,-0.891598119283784,1
"33",0.61,-0.49429632181478,1
"34",0.61,-0.49429632181478,1
"35",0.44,-0.82098055206983,1
"36",0.45,-0.798507696217772,1
"37",0.55,-0.59783700075562,1
"38",0.54,-0.616186139423817,1
"39",0.56,-0.579818495252942,1
"40",0.41,-0.891598119283784,1
"41",0.39,-0.941608539858445,1
"42",0.58,-0.544727175441672,1
"43",0.46,-0.776528789498996,1
"44",0.44,-0.82098055206983,1
"45",0.49,-0.713349887877465,1
"46",0.54,-0.616186139423817,1
"47",0.59,-0.527632742082372,1
"48",0.59,-0.527632742082372,1
"49",0.46,-0.776528789498996,1
"50",0.49,-0.713349887877465,1
"51",0.29,-1.23787435600162,1
"52",0.74,-0.301105092783922,1
"53",0.76,-0.27443684570176,1
"54",1.24,0.215111379616945,1
"55",0.92,-0.083381608939051,1
"56",0.23,-1.46967597005894,1
"57",1.62,0.482426149244293,1
"58",1.58,0.457424847038875,1
"59",1.48,0.392042087776024,1
"60",0.4,-0.916290731874155,1
"61",0.96,-0.0408219945202552,1
"62",1.72,0.542324290825362,1
"63",1.34,0.29266961396282,1
"64",1.42,0.350656871613169,1
"65",1.46,0.378436435720245,1
"66",1.02,0.0198026272961797,1
"67",0.82,-0.198450938723838,1
"68",0.38,-0.967584026261706,1
"69",0.42,-0.867500567704723,1
"70",0.36,-1.02165124753198,1
"71",0.49,-0.713349887877465,1
"72",0.63,-0.462035459596559,1
"73",0.73,-0.3147107448397,1
"74",0.58,-0.544727175441672,1
"75",0.21,-1.56064774826467,1
"76",0.74,-0.301105092783922,1
"77",0.55,-0.59783700075562,1
"78",0.75,-0.287682072451781,1
"79",0.63,-0.462035459596559,1
"80",0.24,-1.42711635564015,1
"81",0.48,-0.7339691750802,1
"82",0.65,-0.430782916092454,1
"83",0.64,-0.446287102628419,1
"84",0.88,-0.127833371509885,1
"85",0.24,-1.42711635564015,1
"86",0.25,-1.38629436111989,1
"87",0.16,-1.83258146374831,1
"88",0.13,-2.04022082852655,1
"89",0.41,-0.891598119283784,1
"90",0.21,-1.56064774826467,1
"91",0.46,-0.776528789498996,1
"92",0.14,-1.96611285637283,1
"93",0.16,-1.83258146374831,1
"94",0.13,-2.04022082852655,1
"95",0.18,-1.71479842809193,1
"96",0.17,-1.77195684193188,1
"97",0.21,-1.56064774826467,1
"98",0.27,-1.30933331998376,1
"99",0.26,-1.34707364796661,1
"100",0.16,-1.83258146374831,1
"101",0.11,-2.20727491318972,1
"102",0.2,-1.6094379124341,1
"103",0.19,-1.66073120682165,1
"104",1.01,0.00995033085316809,1
"105",0.52,-0.653926467406664,1
"106",0.3,-1.20397280432594,1
"107",0.35,-1.04982212449868,1
"108",0.88,-0.127833371509885,1
"109",0.58,-0.544727175441672,1
"110",0.23,-1.46967597005894,1
"111",0.44,-0.82098055206983,1
"112",0.37,-0.994252273343867,1
"113",0.56,-0.579818495252942,1
"114",0.51,-0.673344553263766,1
"115",0.27,-1.30933331998376,1
"116",0.43,-0.843970070294529,1
"117",0.59,-0.527632742082372,1
"118",1.26,0.231111720963387,1
"119",0.93,-0.0725706928348354,1
"120",0.5,-0.693147180559945,1
"121",0.35,-1.04982212449868,1
"122",0.47,-0.755022584278033,1
"123",0.52,-0.653926467406664,1
"124",0.29,-1.23787435600162,1
"125",0.12,-2.12026353620009,1
"126",0.22,-1.51412773262978,1
"127",0.18,-1.71479842809193,1
"128",0.14,-1.96611285637283,1
"129",0.25,-1.38629436111989,1
"130",0.07,-2.65926003693278,1
"131",0.15,-1.89711998488588,1
"132",0.09,-2.40794560865187,1
"133",0.07,-2.65926003693278,1
"134",0.07,-2.65926003693278,1
"135",0.09,-2.40794560865187,1
"136",0.08,-2.52572864430826,1
"137",0.08,-2.52572864430826,1
"138",0.07,-2.65926003693278,1
"139",0.11,-2.20727491318972,1
"140",0.11,-2.20727491318972,1
"141",0.17,-1.77195684193188,1
"142",0.15,-1.89711998488588,1
"143",0.13,-2.04022082852655,1
"144",0.13,-2.04022082852655,1
"145",0.1,-2.30258509299405,1
"146",0.11,-2.20727491318972,1
"147",0.09,-2.40794560865187,1
"148",0.1,-2.30258509299405,1
"149",0.14,-1.96611285637283,1
"150",0.08,-2.52572864430826,1
"151",0.11,-2.20727491318972,1
"152",0.1,-2.30258509299405,1
"153",0.12,-2.12026353620009,1
"154",0.12,-2.12026353620009,1
"155",0.13,-2.04022082852655,1
"156",0.11,-2.20727491318972,1
"157",0.1,-2.30258509299405,1
"158",0.1,-2.30258509299405,1
"159",0.17,-1.77195684193188,1
"160",0.15,-1.89711998488588,1
"161",0.1,-2.30258509299405,1
"162",0.14,-1.96611285637283,1
"163",0.19,-1.66073120682165,1
"164",0.11,-2.20727491318972,1
"165",0.08,-2.52572864430826,1
"166",0.11,-2.20727491318972,1
"167",0.08,-2.52572864430826,1
"168",0.09,-2.40794560865187,1
"169",0.18,-1.71479842809193,1
"170",0.1,-2.30258509299405,1
"171",0.06,-2.81341071676004,1
"172",0.11,-2.20727491318972,1
"173",0.09,-2.40794560865187,1
"174",0.1,-2.30258509299405,1
"175",0.13,-2.04022082852655,1
"176",0.08,-2.52572864430826,1
"177",0.09,-2.40794560865187,1
"178",0.09,-2.40794560865187,1
"179",0.08,-2.52572864430826,1
"180",0.23,-1.46967597005894,1
"181",0.25,-1.38629436111989,1
"182",1.39,0.3293037471426,1
"183",0.28,-1.27296567581289,1
"184",0.13,-2.04022082852655,1
"185",0.32,-1.13943428318836,1
"186",0.15,-1.89711998488588,1
"187",0.24,-1.42711635564015,1
"188",0.15,-1.89711998488588,1
"189",0.16,-1.83258146374831,1
"190",0.14,-1.96611285637283,1
"191",0.15,-1.89711998488588,1
"192",0.13,-2.04022082852655,1
"193",0.15,-1.89711998488588,1
"194",0.16,-1.83258146374831,1
"195",0.07,-2.65926003693278,1
"196",0.1,-2.30258509299405,1
"197",0.19,-1.66073120682165,1
"198",0.11,-2.20727491318972,1
"199",0.12,-2.12026353620009,1
"200",0.18,-1.71479842809193,1
"201",0.17,-1.77195684193188,1
"202",0.11,-2.20727491318972,1
"203",0.22,-1.51412773262978,1
"204",0.33,-1.10866262452161,1
"205",0.16,-1.83258146374831,1
"206",0.23,-1.46967597005894,1
"207",0.7,-0.356674943938732,1
"208",0.35,-1.04982212449868,1
"209",0.61,-0.49429632181478,1
"210",0.73,-0.3147107448397,1
"211",0.66,-0.415515443961666,1
"212",0.44,-0.82098055206983,1
"213",0.42,-0.867500567704723,1
"214",0.58,-0.544727175441672,1
"215",0.23,-1.46967597005894,1
"216",0.19,-1.66073120682165,1
"217",0.34,-1.07880966137193,1
"218",0.83,-0.186329578191493,1
"219",1.62,0.482426149244293,1
"220",0.99,-0.0100503358535015,1
"221",0.64,-0.446287102628419,1
"222",0.88,-0.127833371509885,1
"223",0.57,-0.562118918153541,1
"224",0.76,-0.27443684570176,1
"225",0.44,-0.82098055206983,1
"226",0.29,-1.23787435600162,1
"227",0.81,-0.210721031315653,1
"228",0.87,-0.139262067333508,1
"229",0.69,-0.371063681390832,1
"230",0.67,-0.400477566597125,1
"231",0.64,-0.446287102628419,1
"232",0.85,-0.162518929497775,1
"233",0.81,-0.210721031315653,1
"234",0.82,-0.198450938723838,1
"235",0.79,-0.23572233352107,1
"236",0.59,-0.527632742082372,1
"237",0.79,-0.23572233352107,1
"238",0.43,-0.843970070294529,1
"239",0.25,-1.38629436111989,1
"240",0.25,-1.38629436111989,1
"241",0.61,-0.49429632181478,1
"242",0.18,-1.71479842809193,1
"243",0.14,-1.96611285637283,1
"244",0.6,-0.510825623765991,1
"245",0.52,-0.653926467406664,1
"246",0.83,-0.186329578191493,1
"247",1.92,0.65232518603969,1
"248",0.2,-1.6094379124341,1
"249",0.42,-0.867500567704723,1
"250",0.79,-0.23572233352107,1
"251",0.89,-0.116533816255952,1
"252",0.69,-0.371063681390832,1
"253",0.68,-0.385662480811985,1
"254",0.73,-0.3147107448397,1
"255",0.45,-0.798507696217772,1
"256",0.34,-1.07880966137193,1
"257",1.14,0.131028262406404,1
"258",0.58,-0.544727175441672,1
"259",1.08,0.0769610411361284,1
"260",0.41,-0.891598119283784,1
"261",0.31,-1.17118298150295,1
"262",0.59,-0.527632742082372,1
"263",0.81,-0.210721031315653,1
"264",0.75,-0.287682072451781,1
"265",0.23,-1.46967597005894,1
"266",0.32,-1.13943428318836,1
"267",0.88,-0.127833371509885,1
"268",0.93,-0.0725706928348354,1
"269",0.27,-1.30933331998376,1
"270",0.18,-1.71479842809193,1
"271",0.68,-0.385662480811985,1
"272",0.5,-0.693147180559945,1
"273",0.6,-0.510825623765991,1
"274",0.69,-0.371063681390832,1
"275",0.61,-0.49429632181478,1
"276",0.65,-0.430782916092454,1
"277",0.6,-0.510825623765991,1
"278",0.9,-0.105360515657826,1
"279",0.77,-0.261364764134408,1
"280",0.39,-0.941608539858445,1
"281",0.69,-0.371063681390832,1
"282",0.54,-0.616186139423817,1
"283",0.75,-0.287682072451781,1
"284",0.71,-0.342490308946776,1
"285",0.73,-0.3147107448397,1
"286",1.28,0.246860077931526,1
"287",1.24,0.215111379616945,1
"288",0.9,-0.105360515657826,1
"289",0.6,-0.510825623765991,1
"290",0.36,-1.02165124753198,1
"291",1.62,0.482426149244293,1
"292",1.29,0.254642218373581,1
"293",0.92,-0.083381608939051,1
"294",0.65,-0.430782916092454,1
"295",0.17,-1.77195684193188,1
"296",0.15,-1.89711998488588,1
"297",0.23,-1.46967597005894,1
"298",0.19,-1.66073120682165,1
"299",0.33,-1.10866262452161,1
"300",0.2,-1.6094379124341,1
"301",0.25,-1.38629436111989,1
"302",0.23,-1.46967597005894,1
"303",0.27,-1.30933331998376,1
"304",0.22,-1.51412773262978,1
"305",0.21,-1.56064774826467,1
"306",0.15,-1.89711998488588,1
"307",0.26,-1.34707364796661,1
"308",0.18,-1.71479842809193,1
"309",0.27,-1.30933331998376,1
"310",0.37,-0.994252273343867,1
"311",0.31,-1.17118298150295,1
"312",0.6,-0.510825623765991,1
"313",0.41,-0.891598119283784,1
"314",0.3,-1.20397280432594,1
"315",0.5,-0.693147180559945,1
"316",0.25,-1.38629436111989,1
"317",0.42,-0.867500567704723,1
"318",0.68,-0.385662480811985,1
"319",0.36,-1.02165124753198,1
"320",0.56,-0.579818495252942,1
"321",0.59,-0.527632742082372,1
"322",1.26,0.231111720963387,1
"323",0.63,-0.462035459596559,1
"324",0.69,-0.371063681390832,1
"325",1.17,0.157003748809665,1
"326",0.74,-0.301105092783922,1
"327",0.48,-0.7339691750802,1
"328",0.4,-0.916290731874155,1
"329",0.49,-0.713349887877465,1
"330",0.43,-0.843970070294529,1
"331",0.63,-0.462035459596559,1
"332",0.8,-0.22314355131421,1
"333",0.58,-0.544727175441672,1
"334",1.03,0.0295588022415444,1
"335",0.12,-2.12026353620009,1
"336",0.1,-2.30258509299405,1
"337",0.19,-1.66073120682165,1
"338",0.3,-1.20397280432594,1
"339",0.59,-0.527632742082372,1
"340",0.63,-0.462035459596559,1
"341",0.23,-1.46967597005894,1
"342",0.6,-0.510825623765991,1
"343",0.72,-0.328504066972036,1
"344",0.71,-0.342490308946776,1
"345",0.51,-0.673344553263766,1
"346",0.45,-0.798507696217772,1
"347",0.52,-0.653926467406664,1
"348",0.4,-0.916290731874155,1
"349",0.32,-1.13943428318836,1
"350",0.22,-1.51412773262978,1
"351",0.24,-1.42711635564015,1
"352",0.24,-1.42711635564015,1
"353",0.26,-1.34707364796661,1
"354",0.1,-2.30258509299405,1
"355",0.52,-0.653926467406664,1
"356",0.46,-0.776528789498996,1
"357",0.55,-0.59783700075562,1
"358",0.5,-0.693147180559945,1
"359",0.58,-0.544727175441672,1
"360",0.31,-1.17118298150295,1
"361",0.18,-1.71479842809193,1
"362",0.28,-1.27296567581289,1
"363",0.27,-1.30933331998376,1
"364",0.14,-1.96611285637283,1
"365",0.14,-1.96611285637283,1
"366",0.1,-2.30258509299405,1
"367",0.12,-2.12026353620009,1
"368",0.26,-1.34707364796661,1
"369",0.22,-1.51412773262978,1
"370",0.28,-1.27296567581289,1
"371",0.29,-1.23787435600162,1
"372",0.51,-0.673344553263766,1
"373",0.4,-0.916290731874155,1
"374",0.61,-0.49429632181478,1
"375",0.11,-2.20727491318972,1
"376",0.2,-1.6094379124341,1
"377",0.21,-1.56064774826467,1
"378",0.35,-1.04982212449868,1
"379",0.21,-1.56064774826467,1
"380",0.22,-1.51412773262978,1
"381",0.1,-2.30258509299405,1
"382",0.19,-1.66073120682165,1
"383",0.23,-1.46967597005894,1
"384",0.42,-0.867500567704723,1
"385",0.54,-0.616186139423817,1
"386",0.07,-2.65926003693278,1
"387",0.08,-2.52572864430826,1
"388",0.06,-2.81341071676004,1
"389",0.1,-2.30258509299405,1
"390",0.09,-2.40794560865187,1
"391",0.11,-2.20727491318972,1
"392",0.12,-2.12026353620009,1
"393",0.09,-2.40794560865187,1
"394",0.06,-2.81341071676004,1
"395",0.05,-2.99573227355399,1
"396",0.05,-2.99573227355399,1
"397",0.08,-2.52572864430826,1
"398",0.07,-2.65926003693278,1
"399",0.2,-1.6094379124341,1
"400",0.14,-1.96611285637283,1
"401",0.13,-2.04022082852655,1
"402",0.15,-1.89711998488588,1
"403",0.15,-1.89711998488588,1
"404",0.07,-2.65926003693278,1
"405",0.1,-2.30258509299405,1
"406",0.06,-2.81341071676004,1
"407",0.06,-2.81341071676004,1
"408",0.12,-2.12026353620009,1
"409",0.08,-2.52572864430826,1
"410",0.06,-2.81341071676004,1
"411",0.11,-2.20727491318972,1
"412",0.14,-1.96611285637283,1
"413",0.06,-2.81341071676004,1
"414",0.08,-2.52572864430826,1
"415",0.06,-2.81341071676004,1
"416",0.12,-2.12026353620009,1
"417",0.13,-2.04022082852655,1
"418",0.3,-1.20397280432594,1
"419",0.21,-1.56064774826467,1
"420",0.08,-2.52572864430826,1
"421",0.1,-2.30258509299405,1
"422",0.09,-2.40794560865187,1
"423",0.24,-1.42711635564015,1
"424",0.26,-1.34707364796661,1
"425",0.2,-1.6094379124341,1
"426",0.08,-2.52572864430826,1
"427",0.06,-2.81341071676004,1
"428",0.43,-0.843970070294529,1
"429",0.09,-2.40794560865187,1
"430",0.13,-2.04022082852655,1
"431",0.11,-2.20727491318972,1
"432",0.13,-2.04022082852655,1
"433",0.1,-2.30258509299405,1
"434",0.14,-1.96611285637283,1
"435",0.05,-2.99573227355399,1
"436",0.06,-2.81341071676004,1
"437",0.14,-1.96611285637283,1
"438",0.06,-2.81341071676004,1
"439",0.06,-2.81341071676004,1
"440",0.05,-2.99573227355399,1
"441",0.06,-2.81341071676004,1
"442",0.13,-2.04022082852655,1
"443",0.09,-2.40794560865187,1
"444",0.07,-2.65926003693278,1
"445",0.07,-2.65926003693278,1
"446",0.08,-2.52572864430826,1
"447",0.11,-2.20727491318972,1
"448",0.17,-1.77195684193188,1
"449",0.14,-1.96611285637283,1
"450",0.13,-2.04022082852655,1
"451",0.09,-2.40794560865187,1
"452",0.08,-2.52572864430826,1
"453",0.07,-2.65926003693278,1
"454",0.1,-2.30258509299405,1
"455",0.1,-2.30258509299405,1
"456",0.08,-2.52572864430826,1
"457",0.09,-2.40794560865187,1
"458",0.06,-2.81341071676004,1
"459",0.12,-2.12026353620009,1
"460",0.14,-1.96611285637283,1
"461",0.13,-2.04022082852655,1
"462",0.14,-1.96611285637283,1
"463",0.09,-2.40794560865187,1
"464",0.11,-2.20727491318972,1
"465",0.07,-2.65926003693278,1
"466",0.06,-2.81341071676004,1
"467",0.08,-2.52572864430826,1
"468",0.07,-2.65926003693278,1
"469",0.1,-2.30258509299405,1
"470",0.09,-2.40794560865187,1
"471",0.06,-2.81341071676004,1
"472",0.08,-2.52572864430826,1
"473",0.05,-2.99573227355399,1
"474",0.07,-2.65926003693278,1
"475",0.12,-2.12026353620009,1
"476",0.11,-2.20727491318972,1
"477",0.1,-2.30258509299405,1
"478",0.08,-2.52572864430826,1
"479",0.05,-2.99573227355399,1
"480",0.09,-2.40794560865187,1
"481",0.12,-2.12026353620009,1
"482",0.06,-2.81341071676004,1
"483",0.07,-2.65926003693278,1
"484",0.1,-2.30258509299405,1
"485",0.13,-2.04022082852655,1
"486",0.11,-2.20727491318972,1
"487",0.05,-2.99573227355399,1
"488",0.06,-2.81341071676004,1
"489",0.31,-1.17118298150295,1
"490",0.18,-1.71479842809193,1
"491",0.26,-1.34707364796661,1
"492",0.16,-1.83258146374831,1
"493",0.21,-1.56064774826467,1
"494",0.14,-1.96611285637283,1
"495",0.11,-2.20727491318972,1
"496",0.15,-1.89711998488588,1
"497",0.17,-1.77195684193188,1
"498",0.13,-2.04022082852655,1
"499",0.24,-1.42711635564015,1
"500",0.15,-1.89711998488588,1
"501",0.07,-2.65926003693278,1
"502",0.06,-2.81341071676004,1
"503",0.1,-2.30258509299405,1
"504",0.09,-2.40794560865187,1
"505",0.07,-2.65926003693278,1
"506",0.38,-0.967584026261706,1
"507",0.1,-2.30258509299405,1
"508",0.09,-2.40794560865187,1
"509",0.07,-2.65926003693278,1
"510",0.06,-2.81341071676004,1
"511",0.07,-2.65926003693278,1
"512",0.09,-2.40794560865187,1
"513",0.03,-3.50655789731998,2
"514",0.05,-2.99573227355399,1
"515",0.04,-3.2188758248682,1
"516",0.09,-2.40794560865187,1
"517",0.19,-1.66073120682165,1
"518",0.27,-1.30933331998376,1
"519",0.26,-1.34707364796661,1
"520",0.06,-2.81341071676004,1
"521",0.16,-1.83258146374831,1
"522",0.16,-1.83258146374831,1
"523",0.23,-1.46967597005894,1
"524",0.03,-3.50655789731998,2
"525",0.2,-1.6094379124341,1
"526",0.03,-3.50655789731998,1
"527",0.03,-3.50655789731998,1
"528",0.06,-2.81341071676004,1
"529",0.05,-2.99573227355399,1
"530",0.08,-2.52572864430826,1
"531",0.03,-3.50655789731998,1
"532",0.13,-2.04022082852655,1
"533",0.13,-2.04022082852655,1
"534",0.13,-2.04022082852655,1
"535",0.11,-2.20727491318972,1
"536",0.2,-1.6094379124341,1
"537",0.17,-1.77195684193188,1
"538",0.2,-1.6094379124341,1
"539",0.75,-0.287682072451781,1
"540",0.14,-1.96611285637283,1
"541",0.18,-1.71479842809193,1
"542",0.19,-1.66073120682165,1
"543",0.34,-1.07880966137193,1
"544",0.31,-1.17118298150295,1
"545",0.5,-0.693147180559945,1
"546",0.17,-1.77195684193188,1
"547",0.21,-1.56064774826467,1
"548",0.21,-1.56064774826467,1
"549",0.23,-1.46967597005894,1
"550",0.1,-2.30258509299405,1
"551",0.16,-1.83258146374831,1
"552",0.11,-2.20727491318972,1
"553",0.1,-2.30258509299405,1
"554",0.22,-1.51412773262978,1
"555",0.09,-2.40794560865187,1
"556",0.13,-2.04022082852655,1
"557",0.09,-2.40794560865187,1
"558",0.05,-2.99573227355399,1
"559",0.13,-2.04022082852655,1
"560",0.07,-2.65926003693278,1
"561",0.15,-1.89711998488588,1
"562",0.05,-2.99573227355399,1
"563",0.12,-2.12026353620009,1
"564",0.24,-1.42711635564015,1
"565",0.21,-1.56064774826467,1
"566",0.24,-1.42711635564015,1
"567",0.19,-1.66073120682165,1
"568",0.2,-1.6094379124341,1
"569",0.11,-2.20727491318972,1
"570",0.17,-1.77195684193188,1
"571",0.13,-2.04022082852655,1
"572",0.43,-0.843970070294529,1
"573",0.07,-2.65926003693278,1
"574",0.09,-2.40794560865187,1
"575",0.09,-2.40794560865187,1
"576",0.03,-3.50655789731998,2
"577",0.85,-0.162518929497775,1
"578",0.21,-1.56064774826467,1
"579",0.14,-1.96611285637283,1
"580",0.09,-2.40794560865187,1
"581",0.03,-3.50655789731998,2
"582",0.06,-2.81341071676004,1
"583",0.05,-2.99573227355399,1
"584",0.2,-1.6094379124341,1
"585",0.11,-2.20727491318972,1
"586",0.09,-2.40794560865187,1
"587",0.11,-2.20727491318972,1
"588",0.22,-1.51412773262978,1
"589",0.08,-2.52572864430826,1
"590",0.07,-2.65926003693278,1
"591",0.03,-3.50655789731998,1
"592",0.03,-3.50655789731998,1
"593",0.35,-1.04982212449868,1
"594",0.19,-1.66073120682165,1
"595",0.13,-2.04022082852655,1
"596",0.2,-1.6094379124341,1
"597",0.15,-1.89711998488588,1
"598",0.2,-1.6094379124341,1
"599",0.16,-1.83258146374831,1
"600",0.27,-1.30933331998376,1
"601",0.21,-1.56064774826467,1
"602",0.18,-1.71479842809193,1
"603",0.09,-2.40794560865187,1
"604",0.49,-0.713349887877465,1
"605",0.19,-1.66073120682165,1
"606",0.28,-1.27296567581289,1
"607",0.34,-1.07880966137193,1
"608",0.57,-0.562118918153541,1
"609",0.28,-1.27296567581289,1
"610",0.21,-1.56064774826467,1
"611",0.24,-1.42711635564015,1
"612",0.99,-0.0100503358535015,1
"613",1.01,0.00995033085316809,1
"614",0.68,-0.385662480811985,1
"615",0.41,-0.891598119283784,1
"616",0.62,-0.478035800943,1
"617",0.59,-0.527632742082372,1
"618",0.26,-1.34707364796661,1
"619",0.19,-1.66073120682165,1
"620",0.13,-2.04022082852655,1
"621",0.08,-2.52572864430826,1
"622",0.19,-1.66073120682165,1
"623",0.16,-1.83258146374831,1
"624",0.19,-1.66073120682165,1
"625",0.15,-1.89711998488588,1
"626",0.18,-1.71479842809193,1
"627",0.21,-1.56064774826467,1
"628",0.26,-1.34707364796661,1
"629",0.48,-0.7339691750802,1
"630",0.2,-1.6094379124341,1
"631",0.19,-1.66073120682165,1
"632",0.18,-1.71479842809193,1
"633",0.86,-0.150822889734584,1
"634",0.2,-1.6094379124341,1
"635",0.12,-2.12026353620009,1
"636",0.03,-3.50655789731998,2
"637",0.05,-2.99573227355399,1
"638",0.23,-1.46967597005894,1
"639",0.28,-1.27296567581289,1
"640",0.19,-1.66073120682165,1
"641",0.15,-1.89711998488588,1
"642",0.21,-1.56064774826467,1
"643",0.19,-1.66073120682165,1
"644",0.23,-1.46967597005894,1
"645",0.09,-2.40794560865187,1
"646",0.12,-2.12026353620009,1
"647",0.12,-2.12026353620009,1
"648",0.18,-1.71479842809193,1
"649",0.09,-2.40794560865187,1
"650",0.12,-2.12026353620009,1
"651",0.07,-2.65926003693278,1
"652",0.11,-2.20727491318972,1
"653",0.1,-2.30258509299405,1
"654",0.11,-2.20727491318972,1
"655",0.08,-2.52572864430826,1
"656",0.08,-2.52572864430826,1
"657",0.13,-2.04022082852655,1
"658",0.09,-2.40794560865187,1
"659",0.15,-1.89711998488588,1
"660",0.08,-2.52572864430826,1
"661",0.14,-1.96611285637283,1
"662",0.08,-2.52572864430826,1
"663",0.11,-2.20727491318972,1
"664",0.1,-2.30258509299405,1
"665",0.13,-2.04022082852655,1
"666",0.1,-2.30258509299405,1
"667",0.06,-2.81341071676004,1
"668",0.06,-2.81341071676004,1
"669",0.07,-2.65926003693278,1
"670",0.06,-2.81341071676004,1
"671",0.07,-2.65926003693278,1
"672",0.04,-3.2188758248682,1
"673",0.1,-2.30258509299405,1
"674",0.42,-0.867500567704723,1
"675",0.09,-2.40794560865187,1
"676",0.07,-2.65926003693278,1
"677",0.08,-2.52572864430826,1
"678",0.09,-2.40794560865187,1
"679",0.18,-1.71479842809193,1
"680",0.09,-2.40794560865187,1
"681",0.13,-2.04022082852655,1
"682",0.08,-2.52572864430826,1
"683",0.11,-2.20727491318972,1
"684",0.13,-2.04022082852655,1
"685",0.14,-1.96611285637283,1
"686",0.1,-2.30258509299405,1
"687",0.04,-3.2188758248682,1
"688",0.03,-3.50655789731998,2
"689",0.12,-2.12026353620009,1
"690",0.04,-3.2188758248682,1
"691",0.05,-2.99573227355399,1
"692",0.03,-3.50655789731998,1
"693",0.06,-2.81341071676004,1
"694",0.05,-2.99573227355399,1
"695",0.1,-2.30258509299405,1
"696",0.17,-1.77195684193188,1
"697",0.32,-1.13943428318836,1
"698",0.09,-2.40794560865187,1
"699",0.17,-1.77195684193188,1
"700",0.16,-1.83258146374831,1
"701",0.13,-2.04022082852655,1
"702",0.2,-1.6094379124341,1
"703",0.14,-1.96611285637283,1
"704",0.11,-2.20727491318972,1
"705",0.09,-2.40794560865187,1
"706",0.07,-2.65926003693278,1
"707",0.13,-2.04022082852655,1
"708",0.15,-1.89711998488588,1
"709",0.13,-2.04022082852655,1
"710",0.18,-1.71479842809193,1
"711",0.11,-2.20727491318972,1
"712",0.06,-2.81341071676004,1
"713",0.06,-2.81341071676004,1
"714",0.07,-2.65926003693278,1
"715",0.13,-2.04022082852655,1
"716",0.06,-2.81341071676004,1
"717",0.09,-2.40794560865187,1
"718",0.12,-2.12026353620009,1
"719",0.11,-2.20727491318972,1
"720",0.1,-2.30258509299405,1
"721",0.12,-2.12026353620009,1
"722",0.12,-2.12026353620009,1
"723",0.08,-2.52572864430826,1
"724",0.09,-2.40794560865187,1
"725",0.14,-1.96611285637283,1
"726",0.1,-2.30258509299405,1
"727",0.1,-2.30258509299405,1
"728",0.03,-3.50655789731998,1
"729",0.03,-3.50655789731998,2
"730",0.03,-3.50655789731998,2
"731",0.03,-3.50655789731998,2
"732",0.06,-2.81341071676004,1
"733",0.03,-3.50655789731998,2
"734",0.03,-3.50655789731998,2
"735",0.03,-3.50655789731998,2
"736",0.03,-3.50655789731998,2
"737",0.03,-3.50655789731998,2
"738",0.03,-3.50655789731998,1
"739",0.03,-3.50655789731998,2
"740",0.07,-2.65926003693278,1
"741",0.08,-2.52572864430826,1
"742",0.08,-2.52572864430826,1
"743",0.07,-2.65926003693278,1
"744",0.1,-2.30258509299405,1
"745",0.12,-2.12026353620009,1
"746",0.13,-2.04022082852655,1
"747",0.09,-2.40794560865187,1
"748",0.05,-2.99573227355399,1
"749",0.03,-3.50655789731998,2
"750",0.13,-2.04022082852655,1
"751",0.12,-2.12026353620009,1
"752",0.13,-2.04022082852655,1
"753",0.09,-2.40794560865187,1
"754",0.07,-2.65926003693278,1
"755",0.03,-3.50655789731998,2
"756",0.03,-3.50655789731998,2
"757",0.1,-2.30258509299405,1
"758",0.12,-2.12026353620009,1
"759",0.17,-1.77195684193188,1
"760",0.2,-1.6094379124341,1
"761",0.03,-3.50655789731998,2
"762",0.14,-1.96611285637283,1
"763",0.25,-1.38629436111989,1
"764",0.42,-0.867500567704723,1
"765",0.48,-0.7339691750802,1
"766",0.27,-1.30933331998376,1
"767",0.28,-1.27296567581289,1
"768",0.11,-2.20727491318972,1
"769",0.14,-1.96611285637283,1
"770",0.11,-2.20727491318972,1
"771",0.08,-2.52572864430826,1
"772",0.09,-2.40794560865187,1
"773",0.1,-2.30258509299405,1
"774",0.18,-1.71479842809193,1
"775",0.07,-2.65926003693278,1
"776",0.1,-2.30258509299405,1
"777",0.47,-0.755022584278033,1
"778",0.81,-0.210721031315653,1
"779",1.03,0.0295588022415444,1
"780",0.32,-1.13943428318836,1
"781",0.19,-1.66073120682165,1
"782",0.17,-1.77195684193188,1
"783",0.15,-1.89711998488588,1
"784",0.16,-1.83258146374831,1
"785",0.16,-1.83258146374831,1
"786",0.1,-2.30258509299405,1
"787",0.07,-2.65926003693278,1
"788",0.13,-2.04022082852655,1
"789",0.08,-2.52572864430826,1
"790",0.1,-2.30258509299405,1
"791",0.04,-3.2188758248682,1
"792",0.03,-3.50655789731998,1
"793",0.03,-3.50655789731998,2
"794",0.03,-3.50655789731998,2
"795",0.03,-3.50655789731998,1
"796",0.18,-1.71479842809193,1
"797",0.12,-2.12026353620009,1
"798",0.19,-1.66073120682165,1
"799",0.15,-1.89711998488588,1
"800",0.1,-2.30258509299405,1
"801",0.05,-2.99573227355399,1
"802",0.09,-2.40794560865187,1
"803",0.07,-2.65926003693278,1
"804",0.07,-2.65926003693278,1
"805",0.07,-2.65926003693278,1
"806",0.08,-2.52572864430826,1
"807",0.08,-2.52572864430826,1
"808",0.08,-2.52572864430826,1
"809",0.09,-2.40794560865187,1
"810",0.07,-2.65926003693278,1
"811",0.08,-2.52572864430826,1
"812",0.12,-2.12026353620009,1
"813",0.15,-1.89711998488588,1
"814",0.17,-1.77195684193188,1
"815",0.08,-2.52572864430826,1
"816",0.08,-2.52572864430826,1
"817",0.1,-2.30258509299405,1
"818",0.06,-2.81341071676004,1
"819",0.05,-2.99573227355399,1
"820",0.05,-2.99573227355399,1
"821",0.06,-2.81341071676004,1
"822",0.66,-0.415515443961666,1
"823",0.45,-0.798507696217772,1
"824",0.28,-1.27296567581289,1
"825",0.17,-1.77195684193188,1
"826",0.44,-0.82098055206983,1
"827",0.25,-1.38629436111989,1
"828",0.36,-1.02165124753198,1
"829",0.14,-1.96611285637283,1
"830",0.15,-1.89711998488588,1
"831",0.15,-1.89711998488588,1
"832",0.14,-1.96611285637283,1
"833",0.19,-1.66073120682165,1
"834",0.15,-1.89711998488588,1
"835",0.07,-2.65926003693278,1
"836",0.12,-2.12026353620009,1
"837",0.14,-1.96611285637283,1
"838",0.14,-1.96611285637283,1
"839",0.16,-1.83258146374831,1
"840",0.03,-3.50655789731998,1
"841",0.03,-3.50655789731998,1
"842",0.1,-2.30258509299405,1
"843",0.09,-2.40794560865187,1
"844",0.11,-2.20727491318972,1
"845",0.24,-1.42711635564015,1
"846",0.38,-0.967584026261706,1
"847",0.41,-0.891598119283784,1
"848",0.67,-0.400477566597125,1
"849",1.13,0.122217632724249,1
"850",0.29,-1.23787435600162,1
"851",0.25,-1.38629436111989,1
"852",0.5,-0.693147180559945,1
"853",0.4,-0.916290731874155,1
"854",0.33,-1.10866262452161,1
"855",0.18,-1.71479842809193,1
"856",0.25,-1.38629436111989,1
"857",0.21,-1.56064774826467,1
"858",0.22,-1.51412773262978,1
"859",0.11,-2.20727491318972,1
"860",0.36,-1.02165124753198,1
"861",0.11,-2.20727491318972,1
"862",0.1,-2.30258509299405,1
"863",0.11,-2.20727491318972,1
"864",0.13,-2.04022082852655,1
"865",0.11,-2.20727491318972,1
"866",0.12,-2.12026353620009,1
"867",0.12,-2.12026353620009,1
"868",0.13,-2.04022082852655,1
"869",0.14,-1.96611285637283,1
"870",0.11,-2.20727491318972,1
"871",0.15,-1.89711998488588,1
"872",0.04,-3.2188758248682,1
"873",0.05,-2.99573227355399,1
"874",0.05,-2.99573227355399,1
"875",0.05,-2.99573227355399,1
"876",0.08,-2.52572864430826,1
"877",0.27,-1.30933331998376,1
"878",0.22,-1.51412773262978,1
"879",0.18,-1.71479842809193,1
"880",0.14,-1.96611285637283,1
"881",0.12,-2.12026353620009,1
"882",0.14,-1.96611285637283,1
"883",0.13,-2.04022082852655,1
"884",0.15,-1.89711998488588,1
"885",0.13,-2.04022082852655,1
"886",0.16,-1.83258146374831,1
"887",0.18,-1.71479842809193,1
"888",0.16,-1.83258146374831,1
"889",0.15,-1.89711998488588,1
"890",0.22,-1.51412773262978,1
"891",0.22,-1.51412773262978,1
"892",0.15,-1.89711998488588,1
"893",0.15,-1.89711998488588,1
"894",0.2,-1.6094379124341,1
"895",0.12,-2.12026353620009,1
"896",0.3,-1.20397280432594,1
"897",0.11,-2.20727491318972,1
"898",0.11,-2.20727491318972,1
"899",0.12,-2.12026353620009,1
"900",0.12,-2.12026353620009,1
"901",0.1,-2.30258509299405,1
"902",0.1,-2.30258509299405,1
"903",0.11,-2.20727491318972,1
"904",0.17,-1.77195684193188,1
"905",0.15,-1.89711998488588,1
"906",0.27,-1.30933331998376,1
"907",0.08,-2.52572864430826,1
"908",0.23,-1.46967597005894,1
"909",0.2,-1.6094379124341,1
"910",0.24,-1.42711635564015,1
"911",0.83,-0.186329578191493,1
"912",0.16,-1.83258146374831,1
"913",0.12,-2.12026353620009,1
"914",0.15,-1.89711998488588,1
"915",0.09,-2.40794560865187,1
"916",0.09,-2.40794560865187,1
"917",0.1,-2.30258509299405,1
"918",0.09,-2.40794560865187,1
"919",0.08,-2.52572864430826,1
"920",0.08,-2.52572864430826,1
"921",0.09,-2.40794560865187,1
"922",0.09,-2.40794560865187,1
"923",0.17,-1.77195684193188,1
"924",0.09,-2.40794560865187,1
"925",0.07,-2.65926003693278,1
"926",0.08,-2.52572864430826,1
"927",0.07,-2.65926003693278,1
"928",0.04,-3.2188758248682,1
"929",0.05,-2.99573227355399,1
"930",0.07,-2.65926003693278,1
"931",0.06,-2.81341071676004,1
"932",0.08,-2.52572864430826,1
"933",0.07,-2.65926003693278,1
"934",0.07,-2.65926003693278,1
"935",0.15,-1.89711998488588,1
"936",0.09,-2.40794560865187,1
"937",0.09,-2.40794560865187,1
"938",0.09,-2.40794560865187,1
"939",0.1,-2.30258509299405,1
"940",0.08,-2.52572864430826,1
"941",0.07,-2.65926003693278,1
"942",0.03,-3.50655789731998,1
"943",0.03,-3.50655789731998,2
"944",0.03,-3.50655789731998,1
"945",0.03,-3.50655789731998,2
"946",0.03,-3.50655789731998,1
"947",0.04,-3.2188758248682,1
"948",0.08,-2.52572864430826,1
"949",0.07,-2.65926003693278,1
"950",0.09,-2.40794560865187,1
"951",0.09,-2.40794560865187,1
"952",0.27,-1.30933331998376,1
"953",0.07,-2.65926003693278,1
"954",0.07,-2.65926003693278,1
"955",0.07,-2.65926003693278,1
"956",0.09,-2.40794560865187,1
"957",0.04,-3.2188758248682,1
"958",0.03,-3.50655789731998,2
"959",0.08,-2.52572864430826,1
"960",0.03,-3.50655789731998,2
"961",0.03,-3.50655789731998,2
"962",0.07,-2.65926003693278,1
"963",0.16,-1.83258146374831,1
"964",0.12,-2.12026353620009,1
"965",0.04,-3.2188758248682,1
"966",0.1,-2.30258509299405,1
"967",0.05,-2.99573227355399,1
"968",0.04,-3.2188758248682,1
"969",0.04,-3.2188758248682,1
"970",0.05,-2.99573227355399,1
"971",0.03,-3.50655789731998,1
"972",0.11,-2.20727491318972,1
"973",0.03,-3.50655789731998,2
"974",0.12,-2.12026353620009,1
"975",0.03,-3.50655789731998,2
"976",0.07,-2.65926003693278,1
"977",0.05,-2.99573227355399,1
"978",0.07,-2.65926003693278,1
"979",0.13,-2.04022082852655,1
"980",0.09,-2.40794560865187,1
"981",0.04,-3.2188758248682,1
"982",0.07,-2.65926003693278,1
"983",0.03,-3.50655789731998,1
"984",0.03,-3.50655789731998,2
"985",0.06,-2.81341071676004,1
"986",0.03,-3.50655789731998,2
"987",0.03,-3.50655789731998,1
"988",0.08,-2.52572864430826,1
"989",0.11,-2.20727491318972,1
"990",0.04,-3.2188758248682,1
"991",0.09,-2.40794560865187,1
"992",0.03,-3.50655789731998,2
"993",0.03,-3.50655789731998,2
"994",0.03,-3.50655789731998,2
"995",0.03,-3.50655789731998,2
"996",0.03,-3.50655789731998,2
"997",0.06,-2.81341071676004,1
"998",0.04,-3.2188758248682,1
"999",0.03,-3.50655789731998,1
"1000",0.03,-3.50655789731998,2
"1001",0.03,-3.50655789731998,1
"1002",0.05,-2.99573227355399,1
"1003",0.03,-3.50655789731998,2
"1004",0.03,-3.50655789731998,2
"1005",0.03,-3.50655789731998,2
"1006",0.03,-3.50655789731998,1
"1007",0.04,-3.2188758248682,1
"1008",0.03,-3.50655789731998,1
"1009",0.03,-3.50655789731998,1
"1010",0.04,-3.2188758248682,1
"1011",0.06,-2.81341071676004,1
"1012",0.07,-2.65926003693278,1
"1013",0.08,-2.52572864430826,1
"1014",0.04,-3.2188758248682,1
"1015",0.03,-3.50655789731998,2
"1016",0.04,-3.2188758248682,1
"1017",0.06,-2.81341071676004,1
"1018",0.03,-3.50655789731998,2
"1019",0.06,-2.81341071676004,1
"1020",0.03,-3.50655789731998,1
"1021",0.04,-3.2188758248682,1
"1022",0.03,-3.50655789731998,2
"1023",0.03,-3.50655789731998,2
"1024",0.07,-2.65926003693278,1
"1025",0.03,-3.50655789731998,2
"1026",0.63,-0.462035459596559,1
"1027",2.85,1.04731899428056,1
"1028",2.05,0.717839793150317,1
"1029",0.83,-0.186329578191493,1
"1030",0.16,-1.83258146374831,1
"1031",0.14,-1.96611285637283,1
"1032",0.09,-2.40794560865187,1
"1033",0.09,-2.40794560865187,1
"1034",0.45,-0.798507696217772,1
"1035",0.3,-1.20397280432594,1
"1036",0.44,-0.82098055206983,1
"1037",0.84,-0.174353387144778,1
"1038",1.1,0.0953101798043249,1
"1039",0.44,-0.82098055206983,1
"1040",0.14,-1.96611285637283,1
"1041",0.11,-2.20727491318972,1
"1042",0.24,-1.42711635564015,1
"1043",0.33,-1.10866262452161,1
"1044",0.32,-1.13943428318836,1
"1045",2.05,0.717839793150317,1
"1046",0.1,-2.30258509299405,1
"1047",0.14,-1.96611285637283,1
"1048",0.14,-1.96611285637283,1
"1049",0.78,-0.2484613592985,1
"1050",0.21,-1.56064774826467,1
"1051",0.81,-0.210721031315653,1
"1052",0.55,-0.59783700075562,1
"1053",0.53,-0.63487827243597,1
"1054",0.33,-1.10866262452161,1
"1055",0.1,-2.30258509299405,1
"1056",0.13,-2.04022082852655,1
"1057",0.2,-1.6094379124341,1
"1058",0.65,-0.430782916092454,1
"1059",0.69,-0.371063681390832,1
"1060",0.2,-1.6094379124341,1
"1061",0.53,-0.63487827243597,1
"1062",0.79,-0.23572233352107,1
"1063",0.74,-0.301105092783922,1
"1064",0.71,-0.342490308946776,1
"1065",0.4,-0.916290731874155,1
"1066",0.29,-1.23787435600162,1
"1067",0.42,-0.867500567704723,1
"1068",0.21,-1.56064774826467,1
"1069",0.17,-1.77195684193188,1
"1070",0.15,-1.89711998488588,1
"1071",0.78,-0.2484613592985,1
"1072",0.15,-1.89711998488588,1
"1073",0.47,-0.755022584278033,1
"1074",0.63,-0.462035459596559,1
"1075",0.17,-1.77195684193188,1
"1076",0.15,-1.89711998488588,1
"1077",0.22,-1.51412773262978,1
"1078",0.89,-0.116533816255952,1
"1079",1.17,0.157003748809665,1
"1080",0.49,-0.713349887877465,1
"1081",0.43,-0.843970070294529,1
"1082",0.21,-1.56064774826467,1
"1083",0.96,-0.0408219945202552,1
"1084",0.68,-0.385662480811985,1
"1085",0.18,-1.71479842809193,1
"1086",0.18,-1.71479842809193,1
"1087",0.29,-1.23787435600162,1
"1088",0.16,-1.83258146374831,1
"1089",0.08,-2.52572864430826,1
"1090",0.09,-2.40794560865187,1
"1091",0.08,-2.52572864430826,1
"1092",0.17,-1.77195684193188,1
"1093",0.16,-1.83258146374831,1
"1094",0.39,-0.941608539858445,1
"1095",0.1,-2.30258509299405,1
"1096",0.12,-2.12026353620009,1
"1097",0.18,-1.71479842809193,1
"1098",0.14,-1.96611285637283,1
"1099",0.16,-1.83258146374831,1
"1100",0.08,-2.52572864430826,1
"1101",0.09,-2.40794560865187,1
"1102",0.09,-2.40794560865187,1
"1103",0.12,-2.12026353620009,1
"1104",0.15,-1.89711998488588,1
"1105",0.07,-2.65926003693278,1
"1106",0.1,-2.30258509299405,1
"1107",0.08,-2.52572864430826,1
"1108",0.38,-0.967584026261706,1
"1109",0.24,-1.42711635564015,1
"1110",0.09,-2.40794560865187,1
"1111",0.09,-2.40794560865187,1
"1112",0.07,-2.65926003693278,1
"1113",0.08,-2.52572864430826,1
"1114",0.14,-1.96611285637283,1
"1115",0.14,-1.96611285637283,1
"1116",0.2,-1.6094379124341,1
"1117",0.17,-1.77195684193188,1
"1118",0.22,-1.51412773262978,1
"1119",0.3,-1.20397280432594,1
"1120",0.14,-1.96611285637283,1
"1121",0.16,-1.83258146374831,1
"1122",0.26,-1.34707364796661,1
"1123",0.41,-0.891598119283784,1
"1124",0.47,-0.755022584278033,1
"1125",0.18,-1.71479842809193,1
"1126",0.13,-2.04022082852655,1
"1127",0.13,-2.04022082852655,1
"1128",0.14,-1.96611285637283,1
"1129",0.14,-1.96611285637283,1
"1130",0.16,-1.83258146374831,1
"1131",0.07,-2.65926003693278,1
"1132",0.08,-2.52572864430826,1
"1133",0.08,-2.52572864430826,1
"1134",0.13,-2.04022082852655,1
"1135",0.24,-1.42711635564015,1
"1136",0.13,-2.04022082852655,1
"1137",0.14,-1.96611285637283,1
"1138",0.2,-1.6094379124341,1
"1139",0.21,-1.56064774826467,1
"1140",0.22,-1.51412773262978,1
"1141",0.14,-1.96611285637283,1
"1142",0.19,-1.66073120682165,1
"1143",0.24,-1.42711635564015,1
"1144",0.19,-1.66073120682165,1
"1145",0.14,-1.96611285637283,1
"1146",0.13,-2.04022082852655,1
"1147",0.23,-1.46967597005894,1
"1148",0.24,-1.42711635564015,1
"1149",0.29,-1.23787435600162,1
"1150",0.2,-1.6094379124341,1
"1151",0.17,-1.77195684193188,1
"1152",0.03,-3.50655789731998,1
"1153",0.06,-2.81341071676004,1
"1154",0.03,-3.50655789731998,1
"1155",0.05,-2.99573227355399,1
"1156",0.05,-2.99573227355399,1
"1157",0.23,-1.46967597005894,1
"1158",0.18,-1.71479842809193,1
"1159",0.24,-1.42711635564015,1
"1160",0.15,-1.89711998488588,1
"1161",0.09,-2.40794560865187,1
"1162",0.09,-2.40794560865187,1
"1163",0.09,-2.40794560865187,1
"1164",0.06,-2.81341071676004,1
"1165",0.06,-2.81341071676004,1
"1166",0.16,-1.83258146374831,1
"1167",0.13,-2.04022082852655,1
"1168",0.08,-2.52572864430826,1
"1169",0.08,-2.52572864430826,1
"1170",0.11,-2.20727491318972,1
"1171",0.06,-2.81341071676004,1
"1172",0.06,-2.81341071676004,1
"1173",0.04,-3.2188758248682,1
"1174",0.03,-3.50655789731998,2
"1175",0.07,-2.65926003693278,1
"1176",0.12,-2.12026353620009,1
"1177",0.12,-2.12026353620009,1
"1178",0.12,-2.12026353620009,1
"1179",0.14,-1.96611285637283,1
"1180",0.11,-2.20727491318972,1
"1181",0.12,-2.12026353620009,1
"1182",0.06,-2.81341071676004,1
"1183",0.03,-3.50655789731998,2
"1184",0.09,-2.40794560865187,1
"1185",0.03,-3.50655789731998,2
"1186",0.05,-2.99573227355399,1
"1187",0.07,-2.65926003693278,1
"1188",0.08,-2.52572864430826,1
"1189",0.13,-2.04022082852655,1
"1190",0.12,-2.12026353620009,1
"1191",0.12,-2.12026353620009,1
"1192",0.06,-2.81341071676004,1
"1193",0.08,-2.52572864430826,1
"1194",0.17,-1.77195684193188,1
"1195",0.11,-2.20727491318972,1
"1196",0.13,-2.04022082852655,1
"1197",0.03,-3.50655789731998,2
"1198",0.03,-3.50655789731998,1
"1199",0.03,-3.50655789731998,2
"1200",0.03,-3.50655789731998,2
"1201",0.03,-3.50655789731998,2
"1202",0.05,-2.99573227355399,1
"1203",0.1,-2.30258509299405,1
"1204",0.08,-2.52572864430826,1
"1205",0.08,-2.52572864430826,1
"1206",0.06,-2.81341071676004,1
"1207",0.05,-2.99573227355399,1
"1208",0.06,-2.81341071676004,1
"1209",0.08,-2.52572864430826,1
"1210",0.07,-2.65926003693278,1
"1211",0.07,-2.65926003693278,1
"1212",0.07,-2.65926003693278,1
"1213",0.07,-2.65926003693278,1
"1214",0.09,-2.40794560865187,1
"1215",0.06,-2.81341071676004,1
"1216",0.13,-2.04022082852655,1
"1217",0.22,-1.51412773262978,1
"1218",0.09,-2.40794560865187,1
"1219",0.12,-2.12026353620009,1
"1220",0.19,-1.66073120682165,1
"1221",0.16,-1.83258146374831,1
"1222",0.09,-2.40794560865187,1
"1223",0.15,-1.89711998488588,1
"1224",0.05,-2.99573227355399,1
"1225",0.08,-2.52572864430826,1
"1226",0.08,-2.52572864430826,1
"1227",0.1,-2.30258509299405,1
"1228",0.09,-2.40794560865187,1
"1229",0.09,-2.40794560865187,1
"1230",0.09,-2.40794560865187,1
"1231",0.07,-2.65926003693278,1
"1232",0.13,-2.04022082852655,1
"1233",0.12,-2.12026353620009,1
"1234",0.1,-2.30258509299405,1
"1235",0.1,-2.30258509299405,1
"1236",0.12,-2.12026353620009,1
"1237",0.08,-2.52572864430826,1
"1238",0.1,-2.30258509299405,1
"1239",0.03,-3.50655789731998,2
"1240",0.03,-3.50655789731998,2
"1241",0.03,-3.50655789731998,1
"1242",0.03,-3.50655789731998,2
"1243",0.08,-2.52572864430826,1
"1244",0.08,-2.52572864430826,1
"1245",0.11,-2.20727491318972,1
"1246",0.03,-3.50655789731998,1
"1247",0.03,-3.50655789731998,2
"1248",0.07,-2.65926003693278,1
"1249",0.07,-2.65926003693278,1
"1250",0.08,-2.52572864430826,1
"1251",0.07,-2.65926003693278,1
"1252",0.07,-2.65926003693278,1
"1253",0.03,-3.50655789731998,2
"1254",0.07,-2.65926003693278,1
"1255",0.08,-2.52572864430826,1
"1256",0.03,-3.50655789731998,2
"1257",0.03,-3.50655789731998,2
"1258",0.03,-3.50655789731998,2
"1259",0.03,-3.50655789731998,2
"1260",0.03,-3.50655789731998,2
"1261",0.03,-3.50655789731998,2
"1262",0.03,-3.50655789731998,2
"1263",0.18,-1.71479842809193,1
"1264",0.14,-1.96611285637283,1
"1265",0.16,-1.83258146374831,1
"1266",0.11,-2.20727491318972,1
"1267",0.09,-2.40794560865187,1
"1268",0.05,-2.99573227355399,1
"1269",0.04,-3.2188758248682,1
"1270",0.04,-3.2188758248682,1
"1271",0.06,-2.81341071676004,1
"1272",0.18,-1.71479842809193,1
"1273",0.03,-3.50655789731998,2
"1274",0.03,-3.50655789731998,1
"1275",0.03,-3.50655789731998,2
"1276",0.03,-3.50655789731998,2
"1277",0.03,-3.50655789731998,2
"1278",0.07,-2.65926003693278,1
"1279",0.05,-2.99573227355399,1
"1280",0.06,-2.81341071676004,1
"1281",0.05,-2.99573227355399,1
"1282",0.08,-2.52572864430826,1
"1283",0.08,-2.52572864430826,1
"1284",0.09,-2.40794560865187,1
"1285",0.11,-2.20727491318972,1
"1286",0.13,-2.04022082852655,1
"1287",0.03,-3.50655789731998,2
"1288",0.05,-2.99573227355399,1
"1289",0.05,-2.99573227355399,1
"1290",0.06,-2.81341071676004,1
"1291",0.06,-2.81341071676004,1
"1292",0.06,-2.81341071676004,1
"1293",0.12,-2.12026353620009,1
"1294",0.13,-2.04022082852655,1
"1295",0.15,-1.89711998488588,1
"1296",0.17,-1.77195684193188,1
"1297",0.1,-2.30258509299405,1
"1298",0.12,-2.12026353620009,1
"1299",0.14,-1.96611285637283,1
"1300",0.19,-1.66073120682165,1
"1301",0.11,-2.20727491318972,1
"1302",0.12,-2.12026353620009,1
"1303",0.19,-1.66073120682165,1
"1304",0.21,-1.56064774826467,1
"1305",0.12,-2.12026353620009,1
"1306",0.15,-1.89711998488588,1
"1307",0.29,-1.23787435600162,1
"1308",0.11,-2.20727491318972,1
"1309",0.06,-2.81341071676004,1
"1310",0.04,-3.2188758248682,1
"1311",0.06,-2.81341071676004,1
"1312",0.06,-2.81341071676004,1
"1313",0.03,-3.50655789731998,2
"1314",0.03,-3.50655789731998,2
"1315",0.03,-3.50655789731998,2
"1316",0.04,-3.2188758248682,1
"1317",0.03,-3.50655789731998,2
"1318",0.08,-2.52572864430826,1
"1319",0.14,-1.96611285637283,1
"1320",0.09,-2.40794560865187,1
"1321",0.12,-2.12026353620009,1
"1322",0.09,-2.40794560865187,1
"1323",0.05,-2.99573227355399,1
"1324",0.04,-3.2188758248682,1
"1325",0.06,-2.81341071676004,1
"1326",0.05,-2.99573227355399,1
"1327",0.06,-2.81341071676004,1
"1328",0.03,-3.50655789731998,2
"1329",0.03,-3.50655789731998,2
"1330",0.03,-3.50655789731998,2
"1331",0.03,-3.50655789731998,2
"1332",0.03,-3.50655789731998,2
"1333",0.16,-1.83258146374831,1
"1334",0.12,-2.12026353620009,1
"1335",0.14,-1.96611285637283,1
"1336",0.09,-2.40794560865187,1
"1337",0.11,-2.20727491318972,1
"1338",0.05,-2.99573227355399,1
"1339",0.04,-3.2188758248682,1
"1340",0.05,-2.99573227355399,1
"1341",0.03,-3.50655789731998,2
"1342",0.04,-3.2188758248682,1
"1343",0.04,-3.2188758248682,1
"1344",0.06,-2.81341071676004,1
"1345",0.06,-2.81341071676004,1
"1346",0.03,-3.50655789731998,1
"1347",0.04,-3.2188758248682,1
"1348",0.15,-1.89711998488588,1
"1349",0.06,-2.81341071676004,1
"1350",0.07,-2.65926003693278,1
"1351",0.09,-2.40794560865187,1
"1352",0.58,-0.544727175441672,1
"1353",0.2,-1.6094379124341,1
"1354",0.17,-1.77195684193188,1
"1355",0.51,-0.673344553263766,1
"1356",0.19,-1.66073120682165,1
"1357",0.15,-1.89711998488588,1
"1358",0.15,-1.89711998488588,1
"1359",0.05,-2.99573227355399,1
"1360",0.12,-2.12026353620009,1
"1361",0.12,-2.12026353620009,1
"1362",0.09,-2.40794560865187,1
"1363",0.13,-2.04022082852655,1
"1364",0.1,-2.30258509299405,1
"1365",0.1,-2.30258509299405,1
"1366",0.11,-2.20727491318972,1
"1367",0.19,-1.66073120682165,1
"1368",0.21,-1.56064774826467,1
"1369",0.16,-1.83258146374831,1
"1370",0.12,-2.12026353620009,1
"1371",0.09,-2.40794560865187,1
"1372",0.14,-1.96611285637283,1
"1373",0.03,-3.50655789731998,2
"1374",0.03,-3.50655789731998,2
"1375",0.03,-3.50655789731998,1
"1376",0.03,-3.50655789731998,2
"1377",0.03,-3.50655789731998,2
"1378",0.14,-1.96611285637283,1
"1379",0.12,-2.12026353620009,1
"1380",0.17,-1.77195684193188,1
"1381",0.14,-1.96611285637283,1
"1382",0.12,-2.12026353620009,1
"1383",0.17,-1.77195684193188,1
"1384",0.16,-1.83258146374831,1
"1385",0.19,-1.66073120682165,1
"1386",0.17,-1.77195684193188,1
"1387",0.16,-1.83258146374831,1
"1388",0.14,-1.96611285637283,1
"1389",0.15,-1.89711998488588,1
"1390",0.19,-1.66073120682165,1
"1391",0.2,-1.6094379124341,1
"1392",0.15,-1.89711998488588,1
"1393",0.38,-0.967584026261706,1
"1394",0.13,-2.04022082852655,1
"1395",0.22,-1.51412773262978,1
"1396",0.2,-1.6094379124341,1
"1397",0.19,-1.66073120682165,1
"1398",0.14,-1.96611285637283,1
"1399",0.2,-1.6094379124341,1
"1400",0.17,-1.77195684193188,1
"1401",0.16,-1.83258146374831,1
"1402",0.15,-1.89711998488588,1
"1403",0.3,-1.20397280432594,1
"1404",0.19,-1.66073120682165,1
"1405",0.19,-1.66073120682165,1
"1406",0.21,-1.56064774826467,1
"1407",0.24,-1.42711635564015,1
"1408",0.05,-2.99573227355399,1
"1409",0.09,-2.40794560865187,1
"1410",0.15,-1.89711998488588,1
"1411",0.12,-2.12026353620009,1
"1412",0.07,-2.65926003693278,1
"1413",0.11,-2.20727491318972,1
"1414",0.12,-2.12026353620009,1
"1415",0.12,-2.12026353620009,1
"1416",0.19,-1.66073120682165,1
"1417",0.13,-2.04022082852655,1
"1418",0.1,-2.30258509299405,1
"1419",0.09,-2.40794560865187,1
"1420",0.08,-2.52572864430826,1
"1421",0.07,-2.65926003693278,1
"1422",0.07,-2.65926003693278,1
"1423",0.03,-3.50655789731998,2
"1424",0.11,-2.20727491318972,1
"1425",0.05,-2.99573227355399,1
"1426",0.03,-3.50655789731998,2
"1427",0.52,-0.653926467406664,1
"1428",0.15,-1.89711998488588,1
"1429",0.13,-2.04022082852655,1
"1430",0.15,-1.89711998488588,1
"1431",0.08,-2.52572864430826,1
"1432",0.16,-1.83258146374831,1
"1433",0.08,-2.52572864430826,1
"1434",0.13,-2.04022082852655,1
"1435",0.1,-2.30258509299405,1
"1436",0.11,-2.20727491318972,1
"1437",0.07,-2.65926003693278,1
"1438",0.05,-2.99573227355399,1
"1439",0.08,-2.52572864430826,1
"1440",0.05,-2.99573227355399,1
"1441",0.06,-2.81341071676004,1
"1442",0.04,-3.2188758248682,1
"1443",0.07,-2.65926003693278,1
"1444",0.05,-2.99573227355399,1
"1445",0.07,-2.65926003693278,1
"1446",0.1,-2.30258509299405,1
"1447",0.18,-1.71479842809193,1
"1448",0.18,-1.71479842809193,1
"1449",0.13,-2.04022082852655,1
"1450",0.12,-2.12026353620009,1
"1451",0.13,-2.04022082852655,1
"1452",0.17,-1.77195684193188,1
"1453",0.05,-2.99573227355399,1
"1454",0.06,-2.81341071676004,1
"1455",0.03,-3.50655789731998,2
"1456",0.03,-3.50655789731998,2
"1457",0.03,-3.50655789731998,2
"1458",0.16,-1.83258146374831,1
"1459",0.07,-2.65926003693278,1
"1460",0.07,-2.65926003693278,1
"1461",0.06,-2.81341071676004,1
"1462",0.08,-2.52572864430826,1
"1463",0.06,-2.81341071676004,1
"1464",0.09,-2.40794560865187,1
"1465",0.06,-2.81341071676004,1
"1466",0.07,-2.65926003693278,1
"1467",0.06,-2.81341071676004,1
"1468",0.05,-2.99573227355399,1
"1469",0.06,-2.81341071676004,1
"1470",0.12,-2.12026353620009,1
"1471",0.05,-2.99573227355399,1
"1472",0.06,-2.81341071676004,1
"1473",0.24,-1.42711635564015,1
"1474",0.18,-1.71479842809193,1
"1475",0.2,-1.6094379124341,1
"1476",0.3,-1.20397280432594,1
"1477",0.11,-2.20727491318972,1
"1478",0.05,-2.99573227355399,1
"1479",0.07,-2.65926003693278,1
"1480",0.05,-2.99573227355399,1
"1481",0.07,-2.65926003693278,1
"1482",0.15,-1.89711998488588,1
"1483",0.09,-2.40794560865187,1
"1484",0.09,-2.40794560865187,1
"1485",0.1,-2.30258509299405,1
"1486",0.13,-2.04022082852655,1
"1487",0.15,-1.89711998488588,1
"1488",0.16,-1.83258146374831,1
"1489",0.17,-1.77195684193188,1
"1490",0.07,-2.65926003693278,1
"1491",0.11,-2.20727491318972,1
"1492",0.08,-2.52572864430826,1
"1493",0.11,-2.20727491318972,1
"1494",0.17,-1.77195684193188,1
"1495",0.13,-2.04022082852655,1
"1496",0.27,-1.30933331998376,1
"1497",0.15,-1.89711998488588,1
"1498",0.14,-1.96611285637283,1
"1499",0.17,-1.77195684193188,1
"1500",0.18,-1.71479842809193,1
"1501",0.15,-1.89711998488588,1
"1502",0.1,-2.30258509299405,1
"1503",0.06,-2.81341071676004,1
"1504",0.04,-3.2188758248682,1
"1505",0.02,-3.91202300542815,1
"1506",0.03,-3.50655789731998,1
"1507",0.12,-2.12026353620009,1
"1508",0.09,-2.40794560865187,1
"1509",0.05,-2.99573227355399,1
"1510",0.11,-2.20727491318972,1
"1511",0.09,-2.40794560865187,1
"1512",0.05,-2.99573227355399,1
"1513",0.09,-2.40794560865187,1
"1514",0.09,-2.40794560865187,1
"1515",0.09,-2.40794560865187,1
"1516",0.1,-2.30258509299405,1
"1517",0.08,-2.52572864430826,1
"1518",0.13,-2.04022082852655,1
"1519",0.08,-2.52572864430826,1
"1520",0.11,-2.20727491318972,1
"1521",0.16,-1.83258146374831,1
"1522",0.17,-1.77195684193188,1
"1523",0.28,-1.27296567581289,1
"1524",0.46,-0.776528789498996,1
"1525",0.16,-1.83258146374831,1
"1526",0.15,-1.89711998488588,1
"1527",0.14,-1.96611285637283,1
"1528",0.15,-1.89711998488588,1
"1529",0.19,-1.66073120682165,1
"1530",0.21,-1.56064774826467,1
"1531",0.21,-1.56064774826467,1
"1532",0.21,-1.56064774826467,1
"1533",0.19,-1.66073120682165,1
"1534",0.2,-1.6094379124341,1
"1535",0.18,-1.71479842809193,1
"1536",0.14,-1.96611285637283,1
"1537",0.13,-2.04022082852655,1
"1538",0.12,-2.12026353620009,1
"1539",0.12,-2.12026353620009,1
"1540",0.11,-2.20727491318972,1
"1541",0.12,-2.12026353620009,1
"1542",0.09,-2.40794560865187,1
"1543",0.11,-2.20727491318972,1
"1544",0.1,-2.30258509299405,1
"1545",0.04,-3.2188758248682,1
"1546",0.16,-1.83258146374831,1
"1547",0.1,-2.30258509299405,1
"1548",0.12,-2.12026353620009,1
"1549",0.17,-1.77195684193188,1
"1550",0.08,-2.52572864430826,1
"1551",0.03,-3.50655789731998,2
"1552",0.03,-3.50655789731998,2
"1553",0.04,-3.2188758248682,2
"1554",0.05,-2.99573227355399,1
"1555",0.05,-2.99573227355399,1
"1556",0.07,-2.65926003693278,1
"1557",0.1,-2.30258509299405,1
"1558",0.07,-2.65926003693278,1
"1559",0.11,-2.20727491318972,1
"1560",0.11,-2.20727491318972,1
"1561",0.1,-2.30258509299405,1
"1562",0.17,-1.77195684193188,1
"1563",0.07,-2.65926003693278,1
"1564",0.07,-2.65926003693278,1
"1565",0.04,-3.2188758248682,2
"1566",0.07,-2.65926003693278,1
"1567",0.08,-2.52572864430826,1
"1568",0.11,-2.20727491318972,1
"1569",0.07,-2.65926003693278,1
"1570",0.04,-3.2188758248682,1
"1571",0.04,-3.2188758248682,2
"1572",0.04,-3.2188758248682,2
"1573",0.04,-3.2188758248682,2
"1574",0.04,-3.2188758248682,2
"1575",0.1,-2.30258509299405,1
"1576",0.11,-2.20727491318972,1
"1577",0.09,-2.40794560865187,1
"1578",0.05,-2.99573227355399,1
"1579",0.04,-3.2188758248682,2
"1580",0.05,-2.99573227355399,1
"1581",0.05,-2.99573227355399,1
"1582",0.12,-2.12026353620009,1
"1583",0.13,-2.04022082852655,1
"1584",0.14,-1.96611285637283,1
"1585",0.19,-1.66073120682165,1
"1586",0.13,-2.04022082852655,1
"1587",0.19,-1.66073120682165,1
"1588",0.14,-1.96611285637283,1
"1589",0.12,-2.12026353620009,1
"1590",0.11,-2.20727491318972,1
"1591",0.11,-2.20727491318972,1
"1592",0.11,-2.20727491318972,1
"1593",0.06,-2.81341071676004,1
"1594",0.14,-1.96611285637283,1
"1595",0.12,-2.12026353620009,1
"1596",0.12,-2.12026353620009,1
"1597",0.11,-2.20727491318972,1
"1598",0.46,-0.776528789498996,1
"1599",0.21,-1.56064774826467,1
"1600",0.18,-1.71479842809193,1
"1601",0.13,-2.04022082852655,1
"1602",0.1,-2.30258509299405,1
"1603",0.04,-3.2188758248682,2
"1604",0.16,-1.83258146374831,1
"1605",0.11,-2.20727491318972,1
"1606",0.07,-2.65926003693278,1
"1607",0.17,-1.77195684193188,1
"1608",0.18,-1.71479842809193,1
"1609",0.1,-2.30258509299405,1
"1610",0.1,-2.30258509299405,1
"1611",0.11,-2.20727491318972,1
"1612",0.13,-2.04022082852655,1
"1613",0.12,-2.12026353620009,1
"1614",0.24,-1.42711635564015,1
"1615",0.17,-1.77195684193188,1
"1616",0.2,-1.6094379124341,1
"1617",0.21,-1.56064774826467,1
"1618",0.09,-2.40794560865187,1
"1619",0.15,-1.89711998488588,1
"1620",0.12,-2.12026353620009,1
"1621",0.13,-2.04022082852655,1
"1622",0.16,-1.83258146374831,1
"1623",0.17,-1.77195684193188,1
"1624",0.2,-1.6094379124341,1
"1625",0.23,-1.46967597005894,1
"1626",0.29,-1.23787435600162,1
"1627",0.42,-0.867500567704723,1
"1628",0.45,-0.798507696217772,1
"1629",0.19,-1.66073120682165,1
"1630",0.27,-1.30933331998376,1
"1631",0.16,-1.83258146374831,1
"1632",0.91,-0.0943106794712413,1
"1633",1.14,0.131028262406404,1
"1634",0.27,-1.30933331998376,1
"1635",0.13,-2.04022082852655,1
"1636",0.16,-1.83258146374831,1
"1637",0.15,-1.89711998488588,1
"1638",0.12,-2.12026353620009,1
"1639",0.07,-2.65926003693278,1
"1640",0.11,-2.20727491318972,1
"1641",0.18,-1.71479842809193,1
"1642",0.11,-2.20727491318972,1
"1643",0.1,-2.30258509299405,1
"1644",0.18,-1.71479842809193,1
"1645",0.13,-2.04022082852655,1
"1646",0.17,-1.77195684193188,1
"1647",0.21,-1.56064774826467,1
"1648",0.18,-1.71479842809193,1
"1649",0.11,-2.20727491318972,1
"1650",0.1,-2.30258509299405,1
"1651",0.12,-2.12026353620009,1
"1652",0.14,-1.96611285637283,1
"1653",0.14,-1.96611285637283,1
"1654",0.28,-1.27296567581289,1
"1655",0.16,-1.83258146374831,1
"1656",0.17,-1.77195684193188,1
"1657",0.23,-1.46967597005894,1
"1658",0.46,-0.776528789498996,1
"1659",0.36,-1.02165124753198,1
"1660",0.18,-1.71479842809193,1
"1661",0.16,-1.83258146374831,1
"1662",0.09,-2.40794560865187,1
"1663",0.06,-2.81341071676004,1
"1664",0.1,-2.30258509299405,1
"1665",0.12,-2.12026353620009,1
"1666",0.11,-2.20727491318972,1
"1667",0.13,-2.04022082852655,1
"1668",0.11,-2.20727491318972,1
"1669",0.09,-2.40794560865187,1
"1670",0.12,-2.12026353620009,1
"1671",0.09,-2.40794560865187,1
"1672",0.15,-1.89711998488588,1
"1673",0.14,-1.96611285637283,1
"1674",0.08,-2.52572864430826,1
"1675",0.08,-2.52572864430826,1
"1676",0.07,-2.65926003693278,1
"1677",0.07,-2.65926003693278,1
"1678",0.05,-2.99573227355399,1
"1679",0.07,-2.65926003693278,1
"1680",0.04,-3.2188758248682,2
"1681",0.1,-2.30258509299405,1
"1682",0.04,-3.2188758248682,1
"1683",0.12,-2.12026353620009,1
"1684",0.03,-3.50655789731998,1
"1685",0.06,-2.81341071676004,1
"1686",0.06,-2.81341071676004,1
"1687",0.08,-2.52572864430826,1
"1688",0.08,-2.52572864430826,1
"1689",0.15,-1.89711998488588,1
"1690",0.12,-2.12026353620009,1
"1691",0.12,-2.12026353620009,1
"1692",0.13,-2.04022082852655,1
"1693",0.13,-2.04022082852655,1
"1694",0.04,-3.2188758248682,1
"1695",0.04,-3.2188758248682,1
"1696",0.04,-3.2188758248682,1
"1697",0.08,-2.52572864430826,1
"1698",0.07,-2.65926003693278,1
"1699",0.05,-2.99573227355399,1
"1700",0.07,-2.65926003693278,1
"1701",0.12,-2.12026353620009,1
"1702",0.05,-2.99573227355399,1
"1703",0.06,-2.81341071676004,1
"1704",0.08,-2.52572864430826,1
"1705",0.06,-2.81341071676004,1
"1706",0.14,-1.96611285637283,1
"1707",0.1,-2.30258509299405,1
"1708",0.09,-2.40794560865187,1
"1709",0.09,-2.40794560865187,1
"1710",0.08,-2.52572864430826,1
"1711",0.07,-2.65926003693278,1
"1712",0.05,-2.99573227355399,1
"1713",0.07,-2.65926003693278,1
"1714",0.05,-2.99573227355399,1
"1715",0.07,-2.65926003693278,1
"1716",0.04,-3.2188758248682,1
"1717",0.07,-2.65926003693278,1
"1718",0.04,-3.2188758248682,2
"1719",0.12,-2.12026353620009,1
"1720",0.09,-2.40794560865187,1
"1721",0.06,-2.81341071676004,1
"1722",0.07,-2.65926003693278,1
"1723",0.13,-2.04022082852655,1
"1724",0.07,-2.65926003693278,1
"1725",0.08,-2.52572864430826,1
"1726",0.06,-2.81341071676004,1
"1727",0.06,-2.81341071676004,1
"1728",0.09,-2.40794560865187,1
"1729",0.06,-2.81341071676004,1
"1730",0.08,-2.52572864430826,1
"1731",0.12,-2.12026353620009,2
"1732",0.18,-1.71479842809193,1
"1733",0.15,-1.89711998488588,1
"1734",0.12,-2.12026353620009,2
"1735",0.27,-1.30933331998376,1
"1736",0.26,-1.34707364796661,1
"1737",0.16,-1.83258146374831,1
"1738",0.19,-1.66073120682165,1
"1739",0.12,-2.12026353620009,2
"1740",0.12,-2.12026353620009,2
"1741",0.12,-2.12026353620009,2
"1742",0.12,-2.12026353620009,2
"1743",0.12,-2.12026353620009,2
"1744",0.23,-1.46967597005894,1
"1745",0.18,-1.71479842809193,1
"1746",0.14,-1.96611285637283,1
"1747",0.15,-1.89711998488588,1
"1748",0.15,-1.89711998488588,1
"1749",0.14,-1.96611285637283,1
"1750",0.18,-1.71479842809193,1
"1751",0.12,-2.12026353620009,2
"1752",0.12,-2.12026353620009,2
"1753",0.12,-2.12026353620009,2
"1754",0.12,-2.12026353620009,2
"1755",0.12,-2.12026353620009,2
"1756",0.12,-2.12026353620009,2
"1757",0.12,-2.12026353620009,2
"1758",0.12,-2.12026353620009,2
"1759",0.12,-2.12026353620009,2
"1760",0.14,-1.96611285637283,1
"1761",0.12,-2.12026353620009,2
"1762",0.12,-2.12026353620009,2
"1763",0.12,-2.12026353620009,2
"1764",0.12,-2.12026353620009,2
"1765",0.12,-2.12026353620009,2
"1766",0.12,-2.12026353620009,2
"1767",0.12,-2.12026353620009,1
"1768",0.12,-2.12026353620009,2
"1769",0.12,-2.12026353620009,2
"1770",0.12,-2.12026353620009,2
"1771",0.12,-2.12026353620009,2
"1772",0.19,-1.66073120682165,1
"1773",0.12,-2.12026353620009,2
"1774",0.12,-2.12026353620009,2
"1775",0.12,-2.12026353620009,2
"1776",0.12,-2.12026353620009,2
"1777",0.12,-2.12026353620009,2
"1778",0.12,-2.12026353620009,2
"1779",0.12,-2.12026353620009,2
"1780",0.12,-2.12026353620009,2
"1781",0.12,-2.12026353620009,2
"1782",0.12,-2.12026353620009,2
"1783",0.15,-1.89711998488588,1
"1784",0.16,-1.83258146374831,1
"1785",0.16,-1.83258146374831,1
"1786",0.17,-1.77195684193188,1
"1787",0.12,-2.12026353620009,2
"1788",0.12,-2.12026353620009,2
"1789",0.12,-2.12026353620009,2
"1790",0.12,-2.12026353620009,2
"1791",0.12,-2.12026353620009,2
"1792",0.12,-2.12026353620009,2
"1793",0.12,-2.12026353620009,2
"1794",0.12,-2.12026353620009,2
"1795",0.12,-2.12026353620009,2
"1796",0.12,-2.12026353620009,2
"1797",0.12,-2.12026353620009,2
"1798",0.12,-2.12026353620009,2
"1799",0.12,-2.12026353620009,1
"1800",0.12,-2.12026353620009,2
"1801",0.12,-2.12026353620009,2
"1802",0.12,-2.12026353620009,2
"1803",0.12,-2.12026353620009,2
"1804",0.12,-2.12026353620009,2
"1805",0.12,-2.12026353620009,2
"1806",0.12,-2.12026353620009,2
"1807",0.12,-2.12026353620009,2
"1808",0.26,-1.34707364796661,1
"1809",0.12,-2.12026353620009,2
"1810",0.12,-2.12026353620009,2
"1811",0.12,-2.12026353620009,2
"1812",0.12,-2.12026353620009,2
"1813",0.12,-2.12026353620009,2
"1814",0.12,-2.12026353620009,2
"1815",0.12,-2.12026353620009,2
"1816",0.12,-2.12026353620009,2
"1817",0.12,-2.12026353620009,2
"1818",0.12,-2.12026353620009,2
"1819",0.12,-2.12026353620009,2
"1820",0.12,-2.12026353620009,2
"1821",0.12,-2.12026353620009,2
"1822",0.13,-2.04022082852655,1
"1823",0.17,-1.77195684193188,1
"1824",0.24,-1.42711635564015,1
"1825",0.14,-1.96611285637283,1
"1826",0.12,-2.12026353620009,2
"1827",0.12,-2.12026353620009,2
"1828",0.14,-1.96611285637283,1
"1829",0.15,-1.89711998488588,1
"1830",0.12,-2.12026353620009,2
"1831",0.12,-2.12026353620009,2
"1832",0.12,-2.12026353620009,2
"1833",0.12,-2.12026353620009,2
"1834",0.12,-2.12026353620009,2
"1835",0.12,-2.12026353620009,2
"1836",0.12,-2.12026353620009,1
"1837",0.15,-1.89711998488588,1
"1838",0.12,-2.12026353620009,2
"1839",0.54,-0.616186139423817,1
"1840",0.34,-1.07880966137193,1
"1841",0.71,-0.342490308946776,1
"1842",0.62,-0.478035800943,1
"1843",0.4,-0.916290731874155,1
"1844",0.36,-1.02165124753198,1
"1845",0.15,-1.89711998488588,1
"1846",0.12,-2.12026353620009,2
"1847",0.12,-2.12026353620009,2
"1848",0.12,-2.12026353620009,2
"1849",0.12,-2.12026353620009,2
"1850",0.12,-2.12026353620009,2
"1851",0.12,-2.12026353620009,2
"1852",0.12,-2.12026353620009,2
"1853",0.15,-1.89711998488588,1
"1854",0.43,-0.843970070294529,1
"1855",0.32,-1.13943428318836,1
"1856",0.26,-1.34707364796661,1
"1857",0.32,-1.13943428318836,1
"1858",0.28,-1.27296567581289,1
"1859",0.18,-1.71479842809193,1
"1860",0.12,-2.12026353620009,2
"1861",0.66,-0.415515443961666,1
"1862",0.12,-2.12026353620009,2
"1863",0.16,-1.83258146374831,1
"1864",0.23,-1.46967597005894,1
"1865",0.19,-1.66073120682165,1
"1866",0.14,-1.96611285637283,1
"1867",0.15,-1.89711998488588,1
"1868",0.17,-1.77195684193188,1
"1869",0.12,-2.12026353620009,1
"1870",0.12,-2.12026353620009,2
"1871",0.12,-2.12026353620009,2
"1872",0.12,-2.12026353620009,2
"1873",0.12,-2.12026353620009,2
"1874",0.12,-2.12026353620009,2
"1875",0.12,-2.12026353620009,2
"1876",0.13,-2.04022082852655,1
"1877",0.16,-1.83258146374831,1
"1878",0.19,-1.66073120682165,1
"1879",0.14,-1.96611285637283,1
"1880",0.18,-1.71479842809193,1
"1881",0.2,-1.6094379124341,1
"1882",0.12,-2.12026353620009,2
"1883",0.12,-2.12026353620009,2
"1884",0.12,-2.12026353620009,2
"1885",0.12,-2.12026353620009,2
"1886",0.12,-2.12026353620009,2
"1887",0.12,-2.12026353620009,2
"1888",0.12,-2.12026353620009,2
"1889",0.12,-2.12026353620009,2
"1890",0.12,-2.12026353620009,2
"1891",0.16,-1.83258146374831,1
"1892",0.12,-2.12026353620009,1
"1893",0.12,-2.12026353620009,2
"1894",0.12,-2.12026353620009,2
"1895",0.12,-2.12026353620009,2
"1896",0.12,-2.12026353620009,2
"1897",0.12,-2.12026353620009,2
"1898",0.12,-2.12026353620009,2
"1899",0.12,-2.12026353620009,2
"1900",0.13,-2.04022082852655,1
"1901",0.14,-1.96611285637283,1
"1902",0.16,-1.83258146374831,1
"1903",0.12,-2.12026353620009,2
"1904",0.12,-2.12026353620009,2
"1905",0.12,-2.12026353620009,2
"1906",0.12,-2.12026353620009,2
"1907",0.12,-2.12026353620009,2
"1908",0.12,-2.12026353620009,2
"1909",0.12,-2.12026353620009,2
"1910",0.12,-2.12026353620009,2
"1911",0.12,-2.12026353620009,2
"1912",0.12,-2.12026353620009,2
"1913",0.12,-2.12026353620009,2
"1914",0.12,-2.12026353620009,1
"1915",0.12,-2.12026353620009,2
"1916",0.26,-1.34707364796661,1
"1917",0.12,-2.12026353620009,2
"1918",0.17,-1.77195684193188,1
"1919",0.12,-2.12026353620009,2
"1920",0.14,-1.96611285637283,1
"1921",0.12,-2.12026353620009,2
"1922",0.12,-2.12026353620009,2
"1923",0.12,-2.12026353620009,2
"1924",0.22,-1.51412773262978,1
"1925",0.25,-1.38629436111989,1
"1926",0.15,-1.89711998488588,1
"1927",0.24,-1.42711635564015,1
"1928",0.13,-2.04022082852655,1
"1929",0.21,-1.56064774826467,1
"1930",0.12,-2.12026353620009,2
"1931",0.12,-2.12026353620009,2
"1932",0.14,-1.96611285637283,1
"1933",0.12,-2.12026353620009,2
"1934",0.12,-2.12026353620009,1
"1935",0.13,-2.04022082852655,1
"1936",0.12,-2.12026353620009,1
"1937",0.22,-1.51412773262978,1
"1938",0.26,-1.34707364796661,1
"1939",0.13,-2.04022082852655,1
"1940",0.27,-1.30933331998376,1
"1941",0.18,-1.71479842809193,1
"1942",0.22,-1.51412773262978,1
"1943",0.12,-2.12026353620009,1
"1944",0.12,-2.12026353620009,2
"1945",0.12,-2.12026353620009,2
"1946",0.35,-1.04982212449868,1
"1947",0.24,-1.42711635564015,1
"1948",0.25,-1.38629436111989,1
"1949",0.27,-1.30933331998376,1
"1950",0.12,-2.12026353620009,1
"1951",0.17,-1.77195684193188,1
"1952",0.14,-1.96611285637283,1
"1953",0.25,-1.38629436111989,1
"1954",0.13,-2.04022082852655,1
"1955",0.12,-2.12026353620009,2
"1956",0.12,-2.12026353620009,2
"1957",0.34,-1.07880966137193,1
"1958",0.22,-1.51412773262978,1
"1959",0.21,-1.56064774826467,1
"1960",0.12,-2.12026353620009,2
"1961",0.12,-2.12026353620009,2
"1962",0.12,-2.12026353620009,2
"1963",0.12,-2.12026353620009,2
"1964",0.13,-2.04022082852655,1
"1965",0.14,-1.96611285637283,1
"1966",0.15,-1.89711998488588,1
"1967",0.12,-2.12026353620009,2
"1968",0.12,-2.12026353620009,2
"1969",0.12,-2.12026353620009,2
"1970",0.12,-2.12026353620009,2
"1971",0.12,-2.12026353620009,2
"1972",0.12,-2.12026353620009,2
"1973",0.12,-2.12026353620009,2
"1974",0.12,-2.12026353620009,2
"1975",0.12,-2.12026353620009,2
"1976",0.22,-1.51412773262978,1
"1977",0.12,-2.12026353620009,2
"1978",0.12,-2.12026353620009,2
"1979",0.12,-2.12026353620009,2
"1980",0.12,-2.12026353620009,2
"1981",0.13,-2.04022082852655,1
"1982",0.17,-1.77195684193188,1
"1983",0.12,-2.12026353620009,1
"1984",0.12,-2.12026353620009,2
"1985",0.12,-2.12026353620009,2
"1986",0.12,-2.12026353620009,2
"1987",0.12,-2.12026353620009,2
"1988",0.12,-2.12026353620009,2
"1989",0.19,-1.66073120682165,1
"1990",0.12,-2.12026353620009,1
"1991",0.12,-2.12026353620009,1
"1992",0.17,-1.77195684193188,1
"1993",0.1,-2.30258509299405,1
"1994",0.2,-1.6094379124341,1
"1995",0.11,-2.20727491318972,1
"1996",0.1,-2.30258509299405,1
"1997",0.13,-2.04022082852655,1
"1998",0.18,-1.71479842809193,1
"1999",0.08,-2.52572864430826,2
"2000",0.08,-2.52572864430826,2
"2001",0.08,-2.52572864430826,2
"2002",0.08,-2.52572864430826,2
"2003",0.09,-2.40794560865187,1
"2004",0.09,-2.40794560865187,1
"2005",0.15,-1.89711998488588,1
"2006",0.08,-2.52572864430826,2
"2007",0.08,-2.52572864430826,1
"2008",0.08,-2.52572864430826,2
"2009",0.08,-2.52572864430826,1
"2010",0.08,-2.52572864430826,1
"2011",0.08,-2.52572864430826,2
"2012",0.08,-2.52572864430826,2
"2013",0.08,-2.52572864430826,2
"2014",0.08,-2.52572864430826,2
"2015",0.08,-2.52572864430826,2
"2016",0.08,-2.52572864430826,2
"2017",0.08,-2.52572864430826,2
"2018",0.08,-2.52572864430826,2
"2019",0.08,-2.52572864430826,2
"2020",0.08,-2.52572864430826,1
"2021",0.08,-2.52572864430826,2
"2022",0.09,-2.40794560865187,1
"2023",0.11,-2.20727491318972,1
"2024",0.08,-2.52572864430826,2
"2025",0.08,-2.52572864430826,2
"2026",0.09,-2.40794560865187,1
"2027",0.1,-2.30258509299405,1
"2028",0.1,-2.30258509299405,1
"2029",0.13,-2.04022082852655,1
"2030",0.09,-2.40794560865187,1
"2031",0.09,-2.40794560865187,1
"2032",0.14,-1.96611285637283,1
"2033",0.1,-2.30258509299405,1
"2034",0.09,-2.40794560865187,1
"2035",0.08,-2.52572864430826,2
"2036",0.08,-2.52572864430826,1
"2037",0.08,-2.52572864430826,2
"2038",0.09,-2.40794560865187,1
"2039",0.11,-2.20727491318972,1
"2040",0.14,-1.96611285637283,1
"2041",0.12,-2.12026353620009,1
"2042",0.11,-2.20727491318972,1
